{"RCoT-gpt41": {"avg_execution": 26.69707667350769}}{"RCoT-gpt41": {"avg_execution": 26.69707667350769}, "None-gpt41": {"avg_execution": 5.893447322845459}}{"RCoT-gpt41": {"avg_execution": 26.69707667350769}, "None-gpt41": {"avg_execution": 5.893447322845459}, "MCTSAgent": {"avg_execution": 2.9745744705200194}}{"RCoT-gpt41": {"avg_execution": 26.69707667350769}, "None-gpt41": {"avg_execution": 5.893447322845459}, "MCTSAgent": {"avg_execution": 2.9745744705200194}, "Backtrack-Depth3": {"avg_execution": 0.9265118503570556}}{"RCoT-gpt41": {"avg_execution": 26.69707667350769}, "None-gpt41": {"avg_execution": 5.893447322845459}, "MCTSAgent": {"avg_execution": 2.9745744705200194}, "Backtrack-Depth3": {"avg_execution": 0.9265118503570556}, "RandomBot": {"avg_execution": 0.00336085319519043}}