{"RCoT-gpt41": {"avg_execution": 9.94970643043518}, "RCoT-or-auto": {"avg_execution": 129.3777718925476}, "RCoT-claude": {"avg_execution": 16.9351052570343}, "RCoT-gemini": {"avg_execution": 38.69289518356323}, "MCTSAgent": {"avg_execution": 1.3193890285491943}, "RandomBot": {"avg_execution": 0.0025591468811035157}}