{"RCoT-gpt41": {"avg_execution": 82.66607233047485}, "None-gpt41": {"avg_execution": 16.26669026374817}, "MCTSAgent": {"avg_execution": 26.494971284866335}, "Backtrack-Depth3": {"avg_execution": 2.3089911556243896}, "RandomBot": {"avg_execution": 0.0030352306365966798}}