{"RCoT-gpt41": {"avg_execution": 16.20599275588989}, "None-gpt41": {"avg_execution": 3.9556908226013183}, "MCTSAgent": {"avg_execution": 2.914022836685181}, "Backtrack-Depth3": {"avg_execution": 0.9377736759185791}, "RandomBot": {"avg_execution": 0.002164316177368164}}