{"RCoT-gpt41": {"avg_execution": 24.421173124313356}}{"RCoT-gpt41": {"avg_execution": 24.421173124313356}, "None-gpt41": {"avg_execution": 5.9338878154754635}}{"RCoT-gpt41": {"avg_execution": 24.421173124313356}, "None-gpt41": {"avg_execution": 5.9338878154754635}, "MCTSAgent": {"avg_execution": 4.852048635482788}}{"RCoT-gpt41": {"avg_execution": 24.421173124313356}, "None-gpt41": {"avg_execution": 5.9338878154754635}, "MCTSAgent": {"avg_execution": 4.852048635482788}, "Backtrack-Depth3": {"avg_execution": 2.2553721714019774}}{"RCoT-gpt41": {"avg_execution": 24.421173124313356}, "None-gpt41": {"avg_execution": 5.9338878154754635}, "MCTSAgent": {"avg_execution": 4.852048635482788}, "Backtrack-Depth3": {"avg_execution": 2.2553721714019774}, "RandomBot": {"avg_execution": 0.006148996353149414}}