{"MCTSAgent": {"avg_execution": 1.4643206119537353}, "LLM-4o-cot-f0": {"avg_execution": 4.756016411781311}, "LLM-claude-cot-f0": {"avg_execution": 7.559172816276551}, "LLM-gemini-cot-f0": {"avg_execution": 9.018254809379577}, "Backtrack-Depth3": {"avg_execution": 0.520317063331604}}